code,event,finished,finished_provisional,id,kickoff_time,minutes,provisional_start_time,started,team_a,team_a_score,team_h,team_h_score,stats,team_h_difficulty,team_a_difficulty,pulse_id,home_team_name,away_team_name
2561895,1,False,False,1,2025-08-15T19:00:00Z,0,False,False,4,,12,,[],3,5,124791,Liverpool,Bournemouth
2561896,1,False,False,2,2025-08-16T11:30:00Z,0,False,False,15,,2,,[],3,4,124792,Aston Villa,Newcastle
2561897,1,False,False,3,2025-08-16T14:00:00Z,0,False,False,10,,6,,[],3,3,124793,Brighton,Fulham
2561900,1,False,False,6,2025-08-16T14:00:00Z,0,False,False,3,,18,,[],2,3,124796,Spurs,Burnley
2561899,1,False,False,5,2025-08-16T14:00:00Z,0,False,False,19,,17,,[],2,2,124795,Sunderland,West Ham
2561901,1,False,False,7,2025-08-16T16:30:00Z,0,False,False,13,,20,,[],4,3,124797,Wolves,Man City
2561902,1,False,False,8,2025-08-17T13:00:00Z,0,False,False,8,,7,,[],3,4,124798,Chelsea,Crystal Palace
2561898,1,False,False,4,2025-08-17T13:00:00Z,0,False,False,5,,16,,[],3,3,124794,Nott'm Forest,Brentford
2561903,1,False,False,9,2025-08-17T15:30:00Z,0,False,False,1,,14,,[],4,3,124799,Man Utd,Arsenal
2561904,1,False,False,10,2025-08-18T19:00:00Z,0,False,False,9,,11,,[],2,2,124800,Leeds,Everton
2561914,2,False,False,20,2025-08-22T19:00:00Z,0,False,False,7,,19,,[],3,2,124810,West Ham,Chelsea
2561912,2,False,False,18,2025-08-23T11:30:00Z,0,False,False,18,,13,,[],3,4,124808,Man City,Spurs
2561905,2,False,False,12,2025-08-23T14:00:00Z,0,False,False,20,,4,,[],2,3,124802,Bournemouth,Wolves
2561907,2,False,False,13,2025-08-23T14:00:00Z,0,False,False,2,,5,,[],3,3,124803,Brentford,Aston Villa
2561908,2,False,False,14,2025-08-23T14:00:00Z,0,False,False,17,,3,,[],2,2,124804,Burnley,Sunderland
2561906,2,False,False,11,2025-08-23T16:30:00Z,0,False,False,11,,1,,[],2,4,124801,Arsenal,Leeds
2561909,2,False,False,15,2025-08-24T13:00:00Z,0,False,False,16,,8,,[],3,3,124805,Crystal Palace,Nott'm Forest
2561910,2,False,False,16,2025-08-24T13:00:00Z,0,False,False,6,,9,,[],3,3,124806,Everton,Brighton
2561911,2,False,False,17,2025-08-24T15:30:00Z,0,False,False,14,,10,,[],3,3,124807,Fulham,Man Utd
2561913,2,False,False,19,2025-08-25T19:00:00Z,0,False,False,12,,15,,[],4,4,124809,Newcastle,Liverpool
2561915,3,False,False,21,2025-08-29T19:00:00Z,0,False,False,8,,2,,[],3,4,124811,Aston Villa,Crystal Palace
2561917,3,False,False,23,2025-08-30T11:30:00Z,0,False,False,10,,7,,[],3,4,124813,Chelsea,Fulham
2561920,3,False,False,26,2025-08-30T14:00:00Z,0,False,False,3,,14,,[],2,3,124816,Man Utd,Burnley
2561923,3,False,False,29,2025-08-30T14:00:00Z,0,False,False,4,,18,,[],3,3,124819,Spurs,Bournemouth
2561922,3,False,False,28,2025-08-30T14:00:00Z,0,False,False,5,,17,,[],3,2,124818,Sunderland,Brentford
2561924,3,False,False,30,2025-08-30T14:00:00Z,0,False,False,9,,20,,[],2,3,124820,Wolves,Everton
2561918,3,False,False,24,2025-08-30T16:30:00Z,0,False,False,15,,11,,[],3,2,124814,Leeds,Newcastle
2561916,3,False,False,22,2025-08-31T13:00:00Z,0,False,False,13,,6,,[],4,3,124812,Brighton,Man City
2561921,3,False,False,27,2025-08-31T13:00:00Z,0,False,False,19,,16,,[],2,3,124817,Nott'm Forest,West Ham
2561919,3,False,False,25,2025-08-31T15:30:00Z,0,False,False,1,,12,,[],4,5,124815,Liverpool,Arsenal
2561926,4,False,False,31,2025-09-13T11:30:00Z,0,False,False,16,,1,,[],3,4,124821,Arsenal,Nott'm Forest
2561925,4,False,False,32,2025-09-13T14:00:00Z,0,False,False,6,,4,,[],3,3,124822,Bournemouth,Brighton
2561929,4,False,False,35,2025-09-13T14:00:00Z,0,False,False,17,,8,,[],2,3,124825,Crystal Palace,Sunderland
2561930,4,False,False,36,2025-09-13T14:00:00Z,0,False,False,2,,9,,[],3,3,124826,Everton,Aston Villa
2561931,4,False,False,37,2025-09-13T14:00:00Z,0,False,False,11,,10,,[],2,3,124827,Fulham,Leeds
2561933,4,False,False,39,2025-09-13T14:00:00Z,0,False,False,20,,15,,[],2,4,124829,Newcastle,Wolves
2561934,4,False,False,40,2025-09-13T16:30:00Z,0,False,False,18,,19,,[],3,2,124830,West Ham,Spurs
2561927,4,False,False,33,2025-09-13T19:00:00Z,0,False,False,7,,5,,[],3,3,124823,Brentford,Chelsea
2561928,4,False,False,34,2025-09-14T13:00:00Z,0,False,False,12,,3,,[],4,2,124824,Burnley,Liverpool
2561932,4,False,False,38,2025-09-14T15:30:00Z,0,False,False,14,,13,,[],3,4,124828,Man City,Man Utd
2561940,5,False,False,46,2025-09-20T11:30:00Z,0,False,False,9,,12,,[],2,5,124836,Liverpool,Everton
2561935,5,False,False,42,2025-09-20T14:00:00Z,0,False,False,15,,4,,[],3,3,124832,Bournemouth,Newcastle
2561937,5,False,False,43,2025-09-20T14:00:00Z,0,False,False,18,,6,,[],3,3,124833,Brighton,Spurs
2561938,5,False,False,44,2025-09-20T14:00:00Z,0,False,False,16,,3,,[],3,2,124834,Burnley,Nott'm Forest
2561943,5,False,False,49,2025-09-20T14:00:00Z,0,False,False,8,,19,,[],3,2,124839,West Ham,Crystal Palace
2561944,5,False,False,50,2025-09-20T14:00:00Z,0,False,False,11,,20,,[],2,3,124840,Wolves,Leeds
2561941,5,False,False,47,2025-09-20T16:30:00Z,0,False,False,7,,14,,[],3,3,124837,Man Utd,Chelsea
2561939,5,False,False,45,2025-09-20T19:00:00Z,0,False,False,5,,10,,[],3,3,124835,Fulham,Brentford
2561942,5,False,False,48,2025-09-21T13:00:00Z,0,False,False,2,,17,,[],3,2,124838,Sunderland,Aston Villa
2561936,5,False,False,41,2025-09-21T15:30:00Z,0,False,False,13,,1,,[],4,4,124831,Arsenal,Man City
2561946,6,False,False,52,2025-09-27T11:30:00Z,0,False,False,14,,5,,[],3,3,124842,Brentford,Man Utd
2561945,6,False,False,51,2025-09-27T14:00:00Z,0,False,False,10,,2,,[],3,4,124841,Aston Villa,Fulham
2561947,6,False,False,53,2025-09-27T14:00:00Z,0,False,False,6,,7,,[],3,4,124843,Chelsea,Brighton
2561948,6,False,False,54,2025-09-27T14:00:00Z,0,False,False,12,,8,,[],4,3,124844,Crystal Palace,Liverpool
2561950,6,False,False,56,2025-09-27T14:00:00Z,0,False,False,4,,11,,[],3,2,124846,Leeds,Bournemouth
2561951,6,False,False,57,2025-09-27T14:00:00Z,0,False,False,3,,13,,[],2,4,124847,Man City,Burnley
2561953,6,False,False,59,2025-09-27T16:30:00Z,0,False,False,17,,16,,[],2,3,124849,Nott'm Forest,Sunderland
2561954,6,False,False,60,2025-09-28T13:00:00Z,0,False,False,20,,18,,[],2,3,124850,Spurs,Wolves
2561952,6,False,False,58,2025-09-28T15:30:00Z,0,False,False,1,,15,,[],4,4,124848,Newcastle,Arsenal
2561949,6,False,False,55,2025-09-29T19:00:00Z,0,False,False,19,,9,,[],2,3,124845,Everton,West Ham
2561956,7,False,False,61,2025-10-04T14:00:00Z,0,False,False,19,,1,,[],2,4,124851,Arsenal,West Ham
2561957,7,False,False,62,2025-10-04T14:00:00Z,0,False,False,3,,2,,[],2,4,124852,Aston Villa,Burnley
2561955,7,False,False,63,2025-10-04T14:00:00Z,0,False,False,10,,4,,[],3,3,124853,Bournemouth,Fulham
2561958,7,False,False,64,2025-10-04T14:00:00Z,0,False,False,13,,5,,[],4,3,124854,Brentford,Man City
2561959,7,False,False,65,2025-10-04T14:00:00Z,0,False,False,12,,7,,[],4,4,124855,Chelsea,Liverpool
2561960,7,False,False,66,2025-10-04T14:00:00Z,0,False,False,8,,9,,[],3,3,124856,Everton,Crystal Palace
2561961,7,False,False,67,2025-10-04T14:00:00Z,0,False,False,18,,11,,[],3,2,124857,Leeds,Spurs
2561962,7,False,False,68,2025-10-04T14:00:00Z,0,False,False,17,,14,,[],2,3,124858,Man Utd,Sunderland
2561963,7,False,False,69,2025-10-04T14:00:00Z,0,False,False,16,,15,,[],3,4,124859,Newcastle,Nott'm Forest
2561964,7,False,False,70,2025-10-04T14:00:00Z,0,False,False,6,,20,,[],3,3,124860,Wolves,Brighton
2561965,8,False,False,71,2025-10-18T14:00:00Z,0,False,False,15,,6,,[],3,3,124861,Brighton,Newcastle
2561966,8,False,False,72,2025-10-18T14:00:00Z,0,False,False,11,,3,,[],2,2,124862,Burnley,Leeds
2561967,8,False,False,73,2025-10-18T14:00:00Z,0,False,False,4,,8,,[],3,3,124863,Crystal Palace,Bournemouth
2561968,8,False,False,74,2025-10-18T14:00:00Z,0,False,False,1,,10,,[],4,3,124864,Fulham,Arsenal
2561969,8,False,False,75,2025-10-18T14:00:00Z,0,False,False,14,,12,,[],3,5,124865,Liverpool,Man Utd
2561970,8,False,False,76,2025-10-18T14:00:00Z,0,False,False,9,,13,,[],2,4,124866,Man City,Everton
2561971,8,False,False,77,2025-10-18T14:00:00Z,0,False,False,7,,16,,[],3,3,124867,Nott'm Forest,Chelsea
2561973,8,False,False,79,2025-10-18T14:00:00Z,0,False,False,2,,18,,[],3,3,124869,Spurs,Aston Villa
2561972,8,False,False,78,2025-10-18T14:00:00Z,0,False,False,20,,17,,[],2,2,124868,Sunderland,Wolves
2561974,8,False,False,80,2025-10-18T14:00:00Z,0,False,False,5,,19,,[],3,2,124870,West Ham,Brentford
2561976,9,False,False,81,2025-10-25T14:00:00Z,0,False,False,8,,1,,[],3,4,124871,Arsenal,Crystal Palace
2561977,9,False,False,82,2025-10-25T14:00:00Z,0,False,False,13,,2,,[],4,4,124872,Aston Villa,Man City
2561975,9,False,False,83,2025-10-25T14:00:00Z,0,False,False,16,,4,,[],3,3,124873,Bournemouth,Nott'm Forest
2561978,9,False,False,84,2025-10-25T14:00:00Z,0,False,False,12,,5,,[],4,3,124874,Brentford,Liverpool
2561979,9,False,False,85,2025-10-25T14:00:00Z,0,False,False,17,,7,,[],2,4,124875,Chelsea,Sunderland
2561980,9,False,False,86,2025-10-25T14:00:00Z,0,False,False,18,,9,,[],3,3,124876,Everton,Spurs
2561981,9,False,False,87,2025-10-25T14:00:00Z,0,False,False,19,,11,,[],2,2,124877,Leeds,West Ham
2561982,9,False,False,88,2025-10-25T14:00:00Z,0,False,False,6,,14,,[],3,3,124878,Man Utd,Brighton
2561983,9,False,False,89,2025-10-25T14:00:00Z,0,False,False,10,,15,,[],3,4,124879,Newcastle,Fulham
2561984,9,False,False,90,2025-10-25T14:00:00Z,0,False,False,3,,20,,[],2,3,124880,Wolves,Burnley
2561985,10,False,False,91,2025-11-01T15:00:00Z,0,False,False,11,,6,,[],2,3,124881,Brighton,Leeds
2561986,10,False,False,92,2025-11-01T15:00:00Z,0,False,False,1,,3,,[],4,2,124882,Burnley,Arsenal
2561987,10,False,False,93,2025-11-01T15:00:00Z,0,False,False,5,,8,,[],3,3,124883,Crystal Palace,Brentford
2561988,10,False,False,94,2025-11-01T15:00:00Z,0,False,False,20,,10,,[],2,3,124884,Fulham,Wolves
2561989,10,False,False,95,2025-11-01T15:00:00Z,0,False,False,2,,12,,[],3,5,124885,Liverpool,Aston Villa
2561990,10,False,False,96,2025-11-01T15:00:00Z,0,False,False,4,,13,,[],3,4,124886,Man City,Bournemouth
2561991,10,False,False,97,2025-11-01T15:00:00Z,0,False,False,14,,16,,[],3,3,124887,Nott'm Forest,Man Utd
2561993,10,False,False,99,2025-11-01T15:00:00Z,0,False,False,7,,18,,[],3,3,124889,Spurs,Chelsea
2561992,10,False,False,98,2025-11-01T15:00:00Z,0,False,False,9,,17,,[],2,2,124888,Sunderland,Everton
2561994,10,False,False,100,2025-11-01T15:00:00Z,0,False,False,15,,19,,[],3,2,124890,West Ham,Newcastle
2561995,11,False,False,101,2025-11-08T15:00:00Z,0,False,False,4,,2,,[],3,4,124891,Aston Villa,Bournemouth
2561996,11,False,False,102,2025-11-08T15:00:00Z,0,False,False,15,,5,,[],3,3,124892,Brentford,Newcastle
2561997,11,False,False,103,2025-11-08T15:00:00Z,0,False,False,20,,7,,[],2,4,124893,Chelsea,Wolves
2561998,11,False,False,104,2025-11-08T15:00:00Z,0,False,False,6,,8,,[],3,3,124894,Crystal Palace,Brighton
2561999,11,False,False,105,2025-11-08T15:00:00Z,0,False,False,10,,9,,[],3,3,124895,Everton,Fulham
2562000,11,False,False,106,2025-11-08T15:00:00Z,0,False,False,12,,13,,[],4,4,124896,Man City,Liverpool
2562001,11,False,False,107,2025-11-08T15:00:00Z,0,False,False,11,,16,,[],2,3,124897,Nott'm Forest,Leeds
2562003,11,False,False,109,2025-11-08T15:00:00Z,0,False,False,14,,18,,[],3,3,124899,Spurs,Man Utd
2562002,11,False,False,108,2025-11-08T15:00:00Z,0,False,False,1,,17,,[],4,2,124898,Sunderland,Arsenal
2562004,11,False,False,110,2025-11-08T15:00:00Z,0,False,False,3,,19,,[],2,2,124900,West Ham,Burnley
2562006,12,False,False,111,2025-11-22T15:00:00Z,0,False,False,18,,1,,[],3,4,124901,Arsenal,Spurs
2562005,12,False,False,112,2025-11-22T15:00:00Z,0,False,False,19,,4,,[],2,3,124902,Bournemouth,West Ham
2562007,12,False,False,113,2025-11-22T15:00:00Z,0,False,False,5,,6,,[],3,3,124903,Brighton,Brentford
2562008,12,False,False,114,2025-11-22T15:00:00Z,0,False,False,7,,3,,[],3,2,124904,Burnley,Chelsea
2562009,12,False,False,115,2025-11-22T15:00:00Z,0,False,False,17,,10,,[],2,3,124905,Fulham,Sunderland
2562010,12,False,False,116,2025-11-22T15:00:00Z,0,False,False,2,,11,,[],3,2,124906,Leeds,Aston Villa
2562011,12,False,False,117,2025-11-22T15:00:00Z,0,False,False,16,,12,,[],3,5,124907,Liverpool,Nott'm Forest
2562012,12,False,False,118,2025-11-22T15:00:00Z,0,False,False,9,,14,,[],2,3,124908,Man Utd,Everton
2562013,12,False,False,119,2025-11-22T15:00:00Z,0,False,False,13,,15,,[],4,4,124909,Newcastle,Man City
2562014,12,False,False,120,2025-11-22T15:00:00Z,0,False,False,8,,20,,[],3,3,124910,Wolves,Crystal Palace
2562015,13,False,False,121,2025-11-29T15:00:00Z,0,False,False,20,,2,,[],2,4,124911,Aston Villa,Wolves
2562016,13,False,False,122,2025-11-29T15:00:00Z,0,False,False,3,,5,,[],2,3,124912,Brentford,Burnley
2562017,13,False,False,123,2025-11-29T15:00:00Z,0,False,False,1,,7,,[],4,4,124913,Chelsea,Arsenal
2562018,13,False,False,124,2025-11-29T15:00:00Z,0,False,False,14,,8,,[],3,3,124914,Crystal Palace,Man Utd
2562019,13,False,False,125,2025-11-29T15:00:00Z,0,False,False,15,,9,,[],3,3,124915,Everton,Newcastle
2562020,13,False,False,126,2025-11-29T15:00:00Z,0,False,False,11,,13,,[],2,4,124916,Man City,Leeds
2562021,13,False,False,127,2025-11-29T15:00:00Z,0,False,False,6,,16,,[],3,3,124917,Nott'm Forest,Brighton
2562023,13,False,False,129,2025-11-29T15:00:00Z,0,False,False,10,,18,,[],3,3,124919,Spurs,Fulham
2562022,13,False,False,128,2025-11-29T15:00:00Z,0,False,False,4,,17,,[],3,2,124918,Sunderland,Bournemouth
2562024,13,False,False,130,2025-11-29T15:00:00Z,0,False,False,12,,19,,[],4,2,124920,West Ham,Liverpool
2562026,14,False,False,131,2025-12-03T20:00:00Z,0,False,False,5,,1,,[],3,4,124921,Arsenal,Brentford
2562025,14,False,False,132,2025-12-03T20:00:00Z,0,False,False,9,,4,,[],2,3,124922,Bournemouth,Everton
2562027,14,False,False,133,2025-12-03T20:00:00Z,0,False,False,2,,6,,[],3,3,124923,Brighton,Aston Villa
2562028,14,False,False,134,2025-12-03T20:00:00Z,0,False,False,8,,3,,[],3,2,124924,Burnley,Crystal Palace
2562029,14,False,False,135,2025-12-03T20:00:00Z,0,False,False,13,,10,,[],4,3,124925,Fulham,Man City
2562030,14,False,False,136,2025-12-03T20:00:00Z,0,False,False,7,,11,,[],3,2,124926,Leeds,Chelsea
2562031,14,False,False,137,2025-12-03T20:00:00Z,0,False,False,17,,12,,[],2,5,124927,Liverpool,Sunderland
2562032,14,False,False,138,2025-12-03T20:00:00Z,0,False,False,19,,14,,[],2,3,124928,Man Utd,West Ham
2562033,14,False,False,139,2025-12-03T20:00:00Z,0,False,False,18,,15,,[],3,4,124929,Newcastle,Spurs
2562034,14,False,False,140,2025-12-03T20:00:00Z,0,False,False,16,,20,,[],3,3,124930,Wolves,Nott'm Forest
2562036,15,False,False,141,2025-12-06T15:00:00Z,0,False,False,1,,2,,[],4,4,124931,Aston Villa,Arsenal
2562035,15,False,False,142,2025-12-06T15:00:00Z,0,False,False,7,,4,,[],3,3,124932,Bournemouth,Chelsea
2562037,15,False,False,143,2025-12-06T15:00:00Z,0,False,False,19,,6,,[],2,3,124933,Brighton,West Ham
2562038,15,False,False,144,2025-12-06T15:00:00Z,0,False,False,16,,9,,[],3,3,124934,Everton,Nott'm Forest
2562039,15,False,False,145,2025-12-06T15:00:00Z,0,False,False,8,,10,,[],3,3,124935,Fulham,Crystal Palace
2562040,15,False,False,146,2025-12-06T15:00:00Z,0,False,False,12,,11,,[],4,2,124936,Leeds,Liverpool
2562041,15,False,False,147,2025-12-06T15:00:00Z,0,False,False,17,,13,,[],2,4,124937,Man City,Sunderland
2562042,15,False,False,148,2025-12-06T15:00:00Z,0,False,False,3,,15,,[],2,4,124938,Newcastle,Burnley
2562043,15,False,False,149,2025-12-06T15:00:00Z,0,False,False,5,,18,,[],3,3,124939,Spurs,Brentford
2562044,15,False,False,150,2025-12-06T15:00:00Z,0,False,False,14,,20,,[],3,3,124940,Wolves,Man Utd
2562045,16,False,False,151,2025-12-13T15:00:00Z,0,False,False,20,,1,,[],2,4,124941,Arsenal,Wolves
2562046,16,False,False,152,2025-12-13T15:00:00Z,0,False,False,11,,5,,[],2,3,124942,Brentford,Leeds
2562047,16,False,False,153,2025-12-13T15:00:00Z,0,False,False,10,,3,,[],3,2,124943,Burnley,Fulham
2562048,16,False,False,154,2025-12-13T15:00:00Z,0,False,False,9,,7,,[],2,4,124944,Chelsea,Everton
2562049,16,False,False,155,2025-12-13T15:00:00Z,0,False,False,13,,8,,[],4,3,124945,Crystal Palace,Man City
2562050,16,False,False,156,2025-12-13T15:00:00Z,0,False,False,6,,12,,[],3,5,124946,Liverpool,Brighton
2562051,16,False,False,157,2025-12-13T15:00:00Z,0,False,False,4,,14,,[],3,3,124947,Man Utd,Bournemouth
2562052,16,False,False,158,2025-12-13T15:00:00Z,0,False,False,18,,16,,[],3,3,124948,Nott'm Forest,Spurs
2562053,16,False,False,159,2025-12-13T15:00:00Z,0,False,False,15,,17,,[],3,2,124949,Sunderland,Newcastle
2562054,16,False,False,160,2025-12-13T15:00:00Z,0,False,False,2,,19,,[],3,2,124950,West Ham,Aston Villa
2562056,17,False,False,161,2025-12-20T15:00:00Z,0,False,False,14,,2,,[],3,4,124951,Aston Villa,Man Utd
2562055,17,False,False,162,2025-12-20T15:00:00Z,0,False,False,3,,4,,[],2,3,124952,Bournemouth,Burnley
2562057,17,False,False,163,2025-12-20T15:00:00Z,0,False,False,17,,6,,[],2,3,124953,Brighton,Sunderland
2562058,17,False,False,164,2025-12-20T15:00:00Z,0,False,False,1,,9,,[],4,3,124954,Everton,Arsenal
2562059,17,False,False,165,2025-12-20T15:00:00Z,0,False,False,16,,10,,[],3,3,124955,Fulham,Nott'm Forest
2562060,17,False,False,166,2025-12-20T15:00:00Z,0,False,False,8,,11,,[],3,2,124956,Leeds,Crystal Palace
2562061,17,False,False,167,2025-12-20T15:00:00Z,0,False,False,19,,13,,[],2,4,124957,Man City,West Ham
2562062,17,False,False,168,2025-12-20T15:00:00Z,0,False,False,7,,15,,[],3,4,124958,Newcastle,Chelsea
2562063,17,False,False,169,2025-12-20T15:00:00Z,0,False,False,12,,18,,[],4,3,124959,Spurs,Liverpool
2562064,17,False,False,170,2025-12-20T15:00:00Z,0,False,False,5,,20,,[],3,3,124960,Wolves,Brentford
2562065,18,False,False,171,2025-12-27T15:00:00Z,0,False,False,6,,1,,[],3,4,124961,Arsenal,Brighton
2562066,18,False,False,172,2025-12-27T15:00:00Z,0,False,False,4,,5,,[],3,3,124962,Brentford,Bournemouth
2562067,18,False,False,173,2025-12-27T15:00:00Z,0,False,False,9,,3,,[],2,2,124963,Burnley,Everton
2562068,18,False,False,174,2025-12-27T15:00:00Z,0,False,False,2,,7,,[],3,4,124964,Chelsea,Aston Villa
2562069,18,False,False,175,2025-12-27T15:00:00Z,0,False,False,18,,8,,[],3,3,124965,Crystal Palace,Spurs
2562070,18,False,False,176,2025-12-27T15:00:00Z,0,False,False,20,,12,,[],2,5,124966,Liverpool,Wolves
2562071,18,False,False,177,2025-12-27T15:00:00Z,0,False,False,15,,14,,[],3,3,124967,Man Utd,Newcastle
2562072,18,False,False,178,2025-12-27T15:00:00Z,0,False,False,13,,16,,[],4,3,124968,Nott'm Forest,Man City
2562073,18,False,False,179,2025-12-27T15:00:00Z,0,False,False,11,,17,,[],2,2,124969,Sunderland,Leeds
2562074,18,False,False,180,2025-12-27T15:00:00Z,0,False,False,10,,19,,[],3,2,124970,West Ham,Fulham
2562075,19,False,False,181,2025-12-30T20:00:00Z,0,False,False,2,,1,,[],3,4,124971,Arsenal,Aston Villa
2562076,19,False,False,182,2025-12-30T20:00:00Z,0,False,False,18,,5,,[],3,3,124972,Brentford,Spurs
2562077,19,False,False,183,2025-12-30T20:00:00Z,0,False,False,15,,3,,[],3,2,124973,Burnley,Newcastle
2562078,19,False,False,184,2025-12-30T20:00:00Z,0,False,False,4,,7,,[],3,4,124974,Chelsea,Bournemouth
2562079,19,False,False,185,2025-12-30T20:00:00Z,0,False,False,10,,8,,[],3,3,124975,Crystal Palace,Fulham
2562080,19,False,False,186,2025-12-30T20:00:00Z,0,False,False,11,,12,,[],2,5,124976,Liverpool,Leeds
2562081,19,False,False,187,2025-12-30T20:00:00Z,0,False,False,20,,14,,[],2,3,124977,Man Utd,Wolves
2562082,19,False,False,188,2025-12-30T20:00:00Z,0,False,False,9,,16,,[],2,3,124978,Nott'm Forest,Everton
2562083,19,False,False,189,2025-12-30T20:00:00Z,0,False,False,13,,17,,[],4,2,124979,Sunderland,Man City
2562084,19,False,False,190,2025-12-30T20:00:00Z,0,False,False,6,,19,,[],3,2,124980,West Ham,Brighton
2562086,20,False,False,191,2026-01-03T15:00:00Z,0,False,False,16,,2,,[],3,4,124981,Aston Villa,Nott'm Forest
2562085,20,False,False,192,2026-01-03T15:00:00Z,0,False,False,1,,4,,[],4,3,124982,Bournemouth,Arsenal
2562087,20,False,False,193,2026-01-03T15:00:00Z,0,False,False,3,,6,,[],2,3,124983,Brighton,Burnley
2562088,20,False,False,194,2026-01-03T15:00:00Z,0,False,False,5,,9,,[],3,3,124984,Everton,Brentford
2562089,20,False,False,195,2026-01-03T15:00:00Z,0,False,False,12,,10,,[],4,3,124985,Fulham,Liverpool
2562090,20,False,False,196,2026-01-03T15:00:00Z,0,False,False,14,,11,,[],3,2,124986,Leeds,Man Utd
2562091,20,False,False,197,2026-01-03T15:00:00Z,0,False,False,7,,13,,[],3,4,124987,Man City,Chelsea
2562092,20,False,False,198,2026-01-03T15:00:00Z,0,False,False,8,,15,,[],3,4,124988,Newcastle,Crystal Palace
2562093,20,False,False,199,2026-01-03T15:00:00Z,0,False,False,17,,18,,[],2,3,124989,Spurs,Sunderland
2562094,20,False,False,200,2026-01-03T15:00:00Z,0,False,False,19,,20,,[],2,3,124990,Wolves,West Ham
2562096,21,False,False,201,2026-01-07T20:00:00Z,0,False,False,12,,1,,[],4,4,124991,Arsenal,Liverpool
2562095,21,False,False,202,2026-01-07T20:00:00Z,0,False,False,18,,4,,[],3,3,124992,Bournemouth,Spurs
2562097,21,False,False,203,2026-01-07T20:00:00Z,0,False,False,17,,5,,[],2,3,124993,Brentford,Sunderland
2562098,21,False,False,204,2026-01-07T20:00:00Z,0,False,False,14,,3,,[],3,2,124994,Burnley,Man Utd
2562099,21,False,False,205,2026-01-07T20:00:00Z,0,False,False,2,,8,,[],3,3,124995,Crystal Palace,Aston Villa
2562100,21,False,False,206,2026-01-07T20:00:00Z,0,False,False,20,,9,,[],2,3,124996,Everton,Wolves
2562101,21,False,False,207,2026-01-07T20:00:00Z,0,False,False,7,,10,,[],3,3,124997,Fulham,Chelsea
2562102,21,False,False,208,2026-01-07T20:00:00Z,0,False,False,6,,13,,[],3,4,124998,Man City,Brighton
2562103,21,False,False,209,2026-01-07T20:00:00Z,0,False,False,11,,15,,[],2,4,124999,Newcastle,Leeds
2562104,21,False,False,210,2026-01-07T20:00:00Z,0,False,False,16,,19,,[],3,2,125000,West Ham,Nott'm Forest
2562105,22,False,False,211,2026-01-17T15:00:00Z,0,False,False,9,,2,,[],2,4,125001,Aston Villa,Everton
2562106,22,False,False,212,2026-01-17T15:00:00Z,0,False,False,4,,6,,[],3,3,125002,Brighton,Bournemouth
2562107,22,False,False,213,2026-01-17T15:00:00Z,0,False,False,5,,7,,[],3,4,125003,Chelsea,Brentford
2562108,22,False,False,214,2026-01-17T15:00:00Z,0,False,False,10,,11,,[],3,2,125004,Leeds,Fulham
2562109,22,False,False,215,2026-01-17T15:00:00Z,0,False,False,3,,12,,[],2,5,125005,Liverpool,Burnley
2562110,22,False,False,216,2026-01-17T15:00:00Z,0,False,False,13,,14,,[],4,3,125006,Man Utd,Man City
2562111,22,False,False,217,2026-01-17T15:00:00Z,0,False,False,1,,16,,[],4,3,125007,Nott'm Forest,Arsenal
2562113,22,False,False,219,2026-01-17T15:00:00Z,0,False,False,19,,18,,[],2,3,125009,Spurs,West Ham
2562112,22,False,False,218,2026-01-17T15:00:00Z,0,False,False,8,,17,,[],3,2,125008,Sunderland,Crystal Palace
2562114,22,False,False,220,2026-01-17T15:00:00Z,0,False,False,15,,20,,[],3,3,125010,Wolves,Newcastle
2562116,23,False,False,221,2026-01-24T15:00:00Z,0,False,False,14,,1,,[],3,4,125011,Arsenal,Man Utd
2562115,23,False,False,222,2026-01-24T15:00:00Z,0,False,False,12,,4,,[],4,3,125012,Bournemouth,Liverpool
2562117,23,False,False,223,2026-01-24T15:00:00Z,0,False,False,16,,5,,[],3,3,125013,Brentford,Nott'm Forest
2562118,23,False,False,224,2026-01-24T15:00:00Z,0,False,False,18,,3,,[],3,2,125014,Burnley,Spurs
2562119,23,False,False,225,2026-01-24T15:00:00Z,0,False,False,7,,8,,[],3,3,125015,Crystal Palace,Chelsea
2562120,23,False,False,226,2026-01-24T15:00:00Z,0,False,False,11,,9,,[],2,3,125016,Everton,Leeds
2562121,23,False,False,227,2026-01-24T15:00:00Z,0,False,False,6,,10,,[],3,3,125017,Fulham,Brighton
2562122,23,False,False,228,2026-01-24T15:00:00Z,0,False,False,20,,13,,[],2,4,125018,Man City,Wolves
2562123,23,False,False,229,2026-01-24T15:00:00Z,0,False,False,2,,15,,[],3,4,125019,Newcastle,Aston Villa
2562124,23,False,False,230,2026-01-24T15:00:00Z,0,False,False,17,,19,,[],2,2,125020,West Ham,Sunderland
2562125,24,False,False,231,2026-01-31T15:00:00Z,0,False,False,5,,2,,[],3,4,125021,Aston Villa,Brentford
2562126,24,False,False,232,2026-01-31T15:00:00Z,0,False,False,9,,6,,[],2,3,125022,Brighton,Everton
2562127,24,False,False,233,2026-01-31T15:00:00Z,0,False,False,19,,7,,[],2,4,125023,Chelsea,West Ham
2562128,24,False,False,234,2026-01-31T15:00:00Z,0,False,False,1,,11,,[],4,2,125024,Leeds,Arsenal
2562129,24,False,False,235,2026-01-31T15:00:00Z,0,False,False,15,,12,,[],3,5,125025,Liverpool,Newcastle
2562130,24,False,False,236,2026-01-31T15:00:00Z,0,False,False,10,,14,,[],3,3,125026,Man Utd,Fulham
2562131,24,False,False,237,2026-01-31T15:00:00Z,0,False,False,8,,16,,[],3,3,125027,Nott'm Forest,Crystal Palace
2562133,24,False,False,239,2026-01-31T15:00:00Z,0,False,False,13,,18,,[],4,3,125029,Spurs,Man City
2562132,24,False,False,238,2026-01-31T15:00:00Z,0,False,False,3,,17,,[],2,2,125028,Sunderland,Burnley
2562134,24,False,False,240,2026-01-31T15:00:00Z,0,False,False,4,,20,,[],3,3,125030,Wolves,Bournemouth
2562136,25,False,False,241,2026-02-07T15:00:00Z,0,False,False,17,,1,,[],2,4,125031,Arsenal,Sunderland
2562135,25,False,False,242,2026-02-07T15:00:00Z,0,False,False,2,,4,,[],3,3,125032,Bournemouth,Aston Villa
2562137,25,False,False,243,2026-02-07T15:00:00Z,0,False,False,8,,6,,[],3,3,125033,Brighton,Crystal Palace
2562138,25,False,False,244,2026-02-07T15:00:00Z,0,False,False,19,,3,,[],2,2,125034,Burnley,West Ham
2562139,25,False,False,245,2026-02-07T15:00:00Z,0,False,False,9,,10,,[],2,3,125035,Fulham,Everton
2562140,25,False,False,246,2026-02-07T15:00:00Z,0,False,False,16,,11,,[],3,2,125036,Leeds,Nott'm Forest
2562141,25,False,False,247,2026-02-07T15:00:00Z,0,False,False,13,,12,,[],4,5,125037,Liverpool,Man City
2562142,25,False,False,248,2026-02-07T15:00:00Z,0,False,False,18,,14,,[],3,3,125038,Man Utd,Spurs
2562143,25,False,False,249,2026-02-07T15:00:00Z,0,False,False,5,,15,,[],3,4,125039,Newcastle,Brentford
2562144,25,False,False,250,2026-02-07T15:00:00Z,0,False,False,7,,20,,[],3,3,125040,Wolves,Chelsea
2562145,26,False,False,251,2026-02-11T20:00:00Z,0,False,False,6,,2,,[],3,4,125041,Aston Villa,Brighton
2562146,26,False,False,252,2026-02-11T20:00:00Z,0,False,False,1,,5,,[],4,3,125042,Brentford,Arsenal
2562147,26,False,False,253,2026-02-11T20:00:00Z,0,False,False,11,,7,,[],2,4,125043,Chelsea,Leeds
2562148,26,False,False,254,2026-02-11T20:00:00Z,0,False,False,3,,8,,[],2,3,125044,Crystal Palace,Burnley
2562149,26,False,False,255,2026-02-11T20:00:00Z,0,False,False,4,,9,,[],3,3,125045,Everton,Bournemouth
2562150,26,False,False,256,2026-02-11T20:00:00Z,0,False,False,10,,13,,[],3,4,125046,Man City,Fulham
2562151,26,False,False,257,2026-02-11T20:00:00Z,0,False,False,20,,16,,[],2,3,125047,Nott'm Forest,Wolves
2562153,26,False,False,259,2026-02-11T20:00:00Z,0,False,False,15,,18,,[],3,3,125049,Spurs,Newcastle
2562152,26,False,False,258,2026-02-11T20:00:00Z,0,False,False,12,,17,,[],4,2,125048,Sunderland,Liverpool
2562154,26,False,False,260,2026-02-11T20:00:00Z,0,False,False,14,,19,,[],3,2,125050,West Ham,Man Utd
2562155,27,False,False,261,2026-02-21T15:00:00Z,0,False,False,11,,2,,[],2,4,125051,Aston Villa,Leeds
2562156,27,False,False,262,2026-02-21T15:00:00Z,0,False,False,6,,5,,[],3,3,125052,Brentford,Brighton
2562157,27,False,False,263,2026-02-21T15:00:00Z,0,False,False,3,,7,,[],2,4,125053,Chelsea,Burnley
2562158,27,False,False,264,2026-02-21T15:00:00Z,0,False,False,20,,8,,[],2,3,125054,Crystal Palace,Wolves
2562159,27,False,False,265,2026-02-21T15:00:00Z,0,False,False,14,,9,,[],3,3,125055,Everton,Man Utd
2562160,27,False,False,266,2026-02-21T15:00:00Z,0,False,False,15,,13,,[],3,4,125056,Man City,Newcastle
2562161,27,False,False,267,2026-02-21T15:00:00Z,0,False,False,12,,16,,[],4,3,125057,Nott'm Forest,Liverpool
2562163,27,False,False,269,2026-02-21T15:00:00Z,0,False,False,1,,18,,[],4,3,125059,Spurs,Arsenal
2562162,27,False,False,268,2026-02-21T15:00:00Z,0,False,False,10,,17,,[],3,2,125058,Sunderland,Fulham
2562164,27,False,False,270,2026-02-21T15:00:00Z,0,False,False,4,,19,,[],3,2,125060,West Ham,Bournemouth
2562166,28,False,False,271,2026-02-28T15:00:00Z,0,False,False,7,,1,,[],3,4,125061,Arsenal,Chelsea
2562165,28,False,False,272,2026-02-28T15:00:00Z,0,False,False,17,,4,,[],2,3,125062,Bournemouth,Sunderland
2562167,28,False,False,273,2026-02-28T15:00:00Z,0,False,False,16,,6,,[],3,3,125063,Brighton,Nott'm Forest
2562168,28,False,False,274,2026-02-28T15:00:00Z,0,False,False,5,,3,,[],3,2,125064,Burnley,Brentford
2562169,28,False,False,275,2026-02-28T15:00:00Z,0,False,False,18,,10,,[],3,3,125065,Fulham,Spurs
2562170,28,False,False,276,2026-02-28T15:00:00Z,0,False,False,13,,11,,[],4,2,125066,Leeds,Man City
2562171,28,False,False,277,2026-02-28T15:00:00Z,0,False,False,19,,12,,[],2,5,125067,Liverpool,West Ham
2562172,28,False,False,278,2026-02-28T15:00:00Z,0,False,False,8,,14,,[],3,3,125068,Man Utd,Crystal Palace
2562173,28,False,False,279,2026-02-28T15:00:00Z,0,False,False,9,,15,,[],2,4,125069,Newcastle,Everton
2562174,28,False,False,280,2026-02-28T15:00:00Z,0,False,False,2,,20,,[],3,3,125070,Wolves,Aston Villa
2562176,29,False,False,281,2026-03-04T20:00:00Z,0,False,False,7,,2,,[],3,4,125071,Aston Villa,Chelsea
2562175,29,False,False,282,2026-03-04T20:00:00Z,0,False,False,5,,4,,[],3,3,125072,Bournemouth,Brentford
2562177,29,False,False,283,2026-03-04T20:00:00Z,0,False,False,1,,6,,[],4,3,125073,Brighton,Arsenal
2562178,29,False,False,284,2026-03-04T20:00:00Z,0,False,False,3,,9,,[],2,3,125074,Everton,Burnley
2562179,29,False,False,285,2026-03-04T20:00:00Z,0,False,False,19,,10,,[],2,3,125075,Fulham,West Ham
2562180,29,False,False,286,2026-03-04T20:00:00Z,0,False,False,17,,11,,[],2,2,125076,Leeds,Sunderland
2562181,29,False,False,287,2026-03-04T20:00:00Z,0,False,False,16,,13,,[],3,4,125077,Man City,Nott'm Forest
2562182,29,False,False,288,2026-03-04T20:00:00Z,0,False,False,14,,15,,[],3,4,125078,Newcastle,Man Utd
2562183,29,False,False,289,2026-03-04T20:00:00Z,0,False,False,8,,18,,[],3,3,125079,Spurs,Crystal Palace
2562184,29,False,False,290,2026-03-04T20:00:00Z,0,False,False,12,,20,,[],4,3,125080,Wolves,Liverpool
2562185,30,False,False,291,2026-03-14T15:00:00Z,0,False,False,9,,1,,[],2,4,125081,Arsenal,Everton
2562186,30,False,False,292,2026-03-14T15:00:00Z,0,False,False,20,,5,,[],2,3,125082,Brentford,Wolves
2562187,30,False,False,293,2026-03-14T15:00:00Z,0,False,False,4,,3,,[],3,2,125083,Burnley,Bournemouth
2562188,30,False,False,294,2026-03-14T15:00:00Z,0,False,False,15,,7,,[],3,4,125084,Chelsea,Newcastle
2562189,30,False,False,295,2026-03-14T15:00:00Z,0,False,False,11,,8,,[],2,3,125085,Crystal Palace,Leeds
2562190,30,False,False,296,2026-03-14T15:00:00Z,0,False,False,18,,12,,[],3,5,125086,Liverpool,Spurs
2562191,30,False,False,297,2026-03-14T15:00:00Z,0,False,False,2,,14,,[],3,3,125087,Man Utd,Aston Villa
2562192,30,False,False,298,2026-03-14T15:00:00Z,0,False,False,10,,16,,[],3,3,125088,Nott'm Forest,Fulham
2562193,30,False,False,299,2026-03-14T15:00:00Z,0,False,False,6,,17,,[],3,2,125089,Sunderland,Brighton
2562194,30,False,False,300,2026-03-14T15:00:00Z,0,False,False,13,,19,,[],4,2,125090,West Ham,Man City
2562196,31,False,False,301,2026-03-21T15:00:00Z,0,False,False,19,,2,,[],2,4,125091,Aston Villa,West Ham
2562195,31,False,False,302,2026-03-21T15:00:00Z,0,False,False,14,,4,,[],3,3,125092,Bournemouth,Man Utd
2562197,31,False,False,303,2026-03-21T15:00:00Z,0,False,False,12,,6,,[],4,3,125093,Brighton,Liverpool
2562198,31,False,False,304,2026-03-21T15:00:00Z,0,False,False,7,,9,,[],3,3,125094,Everton,Chelsea
2562199,31,False,False,305,2026-03-21T15:00:00Z,0,False,False,3,,10,,[],2,3,125095,Fulham,Burnley
2562200,31,False,False,306,2026-03-21T15:00:00Z,0,False,False,5,,11,,[],3,2,125096,Leeds,Brentford
2562201,31,False,False,307,2026-03-21T15:00:00Z,0,False,False,8,,13,,[],3,4,125097,Man City,Crystal Palace
2562202,31,False,False,308,2026-03-21T15:00:00Z,0,False,False,17,,15,,[],2,4,125098,Newcastle,Sunderland
2562203,31,False,False,309,2026-03-21T15:00:00Z,0,False,False,16,,18,,[],3,3,125099,Spurs,Nott'm Forest
2562204,31,False,False,310,2026-03-21T15:00:00Z,0,False,False,1,,20,,[],4,3,125100,Wolves,Arsenal
2562205,32,False,False,311,2026-04-11T14:00:00Z,0,False,False,4,,1,,[],3,4,125101,Arsenal,Bournemouth
2562206,32,False,False,312,2026-04-11T14:00:00Z,0,False,False,9,,5,,[],2,3,125102,Brentford,Everton
2562207,32,False,False,313,2026-04-11T14:00:00Z,0,False,False,6,,3,,[],3,2,125103,Burnley,Brighton
2562208,32,False,False,314,2026-04-11T14:00:00Z,0,False,False,13,,7,,[],4,4,125104,Chelsea,Man City
2562209,32,False,False,315,2026-04-11T14:00:00Z,0,False,False,15,,8,,[],3,3,125105,Crystal Palace,Newcastle
2562210,32,False,False,316,2026-04-11T14:00:00Z,0,False,False,10,,12,,[],3,5,125106,Liverpool,Fulham
2562211,32,False,False,317,2026-04-11T14:00:00Z,0,False,False,11,,14,,[],2,3,125107,Man Utd,Leeds
2562212,32,False,False,318,2026-04-11T14:00:00Z,0,False,False,2,,16,,[],3,3,125108,Nott'm Forest,Aston Villa
2562213,32,False,False,319,2026-04-11T14:00:00Z,0,False,False,18,,17,,[],3,2,125109,Sunderland,Spurs
2562214,32,False,False,320,2026-04-11T14:00:00Z,0,False,False,20,,19,,[],2,2,125110,West Ham,Wolves
2562215,33,False,False,321,2026-04-18T14:00:00Z,0,False,False,17,,2,,[],2,4,125111,Aston Villa,Sunderland
2562216,33,False,False,322,2026-04-18T14:00:00Z,0,False,False,10,,5,,[],3,3,125112,Brentford,Fulham
2562217,33,False,False,323,2026-04-18T14:00:00Z,0,False,False,14,,7,,[],3,4,125113,Chelsea,Man Utd
2562218,33,False,False,324,2026-04-18T14:00:00Z,0,False,False,19,,8,,[],2,3,125114,Crystal Palace,West Ham
2562219,33,False,False,325,2026-04-18T14:00:00Z,0,False,False,12,,9,,[],4,3,125115,Everton,Liverpool
2562220,33,False,False,326,2026-04-18T14:00:00Z,0,False,False,20,,11,,[],2,2,125116,Leeds,Wolves
2562221,33,False,False,327,2026-04-18T14:00:00Z,0,False,False,1,,13,,[],4,4,125117,Man City,Arsenal
2562222,33,False,False,328,2026-04-18T14:00:00Z,0,False,False,4,,15,,[],3,4,125118,Newcastle,Bournemouth
2562223,33,False,False,329,2026-04-18T14:00:00Z,0,False,False,3,,16,,[],2,3,125119,Nott'm Forest,Burnley
2562224,33,False,False,330,2026-04-18T14:00:00Z,0,False,False,6,,18,,[],3,3,125120,Spurs,Brighton
2562226,34,False,False,331,2026-04-25T14:00:00Z,0,False,False,15,,1,,[],3,4,125121,Arsenal,Newcastle
2562225,34,False,False,332,2026-04-25T14:00:00Z,0,False,False,11,,4,,[],2,3,125122,Bournemouth,Leeds
2562227,34,False,False,333,2026-04-25T14:00:00Z,0,False,False,7,,6,,[],3,3,125123,Brighton,Chelsea
2562228,34,False,False,334,2026-04-25T14:00:00Z,0,False,False,13,,3,,[],4,2,125124,Burnley,Man City
2562229,34,False,False,335,2026-04-25T14:00:00Z,0,False,False,2,,10,,[],3,3,125125,Fulham,Aston Villa
2562230,34,False,False,336,2026-04-25T14:00:00Z,0,False,False,8,,12,,[],3,5,125126,Liverpool,Crystal Palace
2562231,34,False,False,337,2026-04-25T14:00:00Z,0,False,False,5,,14,,[],3,3,125127,Man Utd,Brentford
2562232,34,False,False,338,2026-04-25T14:00:00Z,0,False,False,16,,17,,[],3,2,125128,Sunderland,Nott'm Forest
2562233,34,False,False,339,2026-04-25T14:00:00Z,0,False,False,9,,19,,[],2,2,125129,West Ham,Everton
2562234,34,False,False,340,2026-04-25T14:00:00Z,0,False,False,18,,20,,[],3,3,125130,Wolves,Spurs
2562236,35,False,False,341,2026-05-02T14:00:00Z,0,False,False,10,,1,,[],3,4,125131,Arsenal,Fulham
2562237,35,False,False,342,2026-05-02T14:00:00Z,0,False,False,18,,2,,[],3,4,125132,Aston Villa,Spurs
2562235,35,False,False,343,2026-05-02T14:00:00Z,0,False,False,8,,4,,[],3,3,125133,Bournemouth,Crystal Palace
2562238,35,False,False,344,2026-05-02T14:00:00Z,0,False,False,19,,5,,[],2,3,125134,Brentford,West Ham
2562239,35,False,False,345,2026-05-02T14:00:00Z,0,False,False,16,,7,,[],3,4,125135,Chelsea,Nott'm Forest
2562240,35,False,False,346,2026-05-02T14:00:00Z,0,False,False,13,,9,,[],4,3,125136,Everton,Man City
2562241,35,False,False,347,2026-05-02T14:00:00Z,0,False,False,3,,11,,[],2,2,125137,Leeds,Burnley
2562242,35,False,False,348,2026-05-02T14:00:00Z,0,False,False,12,,14,,[],4,3,125138,Man Utd,Liverpool
2562243,35,False,False,349,2026-05-02T14:00:00Z,0,False,False,6,,15,,[],3,4,125139,Newcastle,Brighton
2562244,35,False,False,350,2026-05-02T14:00:00Z,0,False,False,17,,20,,[],2,3,125140,Wolves,Sunderland
2562245,36,False,False,351,2026-05-09T14:00:00Z,0,False,False,20,,6,,[],2,3,125141,Brighton,Wolves
2562246,36,False,False,352,2026-05-09T14:00:00Z,0,False,False,2,,3,,[],3,2,125142,Burnley,Aston Villa
2562247,36,False,False,353,2026-05-09T14:00:00Z,0,False,False,9,,8,,[],2,3,125143,Crystal Palace,Everton
2562248,36,False,False,354,2026-05-09T14:00:00Z,0,False,False,4,,10,,[],3,3,125144,Fulham,Bournemouth
2562249,36,False,False,355,2026-05-09T14:00:00Z,0,False,False,7,,12,,[],3,5,125145,Liverpool,Chelsea
2562250,36,False,False,356,2026-05-09T14:00:00Z,0,False,False,5,,13,,[],3,4,125146,Man City,Brentford
2562251,36,False,False,357,2026-05-09T14:00:00Z,0,False,False,15,,16,,[],3,3,125147,Nott'm Forest,Newcastle
2562253,36,False,False,359,2026-05-09T14:00:00Z,0,False,False,11,,18,,[],2,3,125149,Spurs,Leeds
2562252,36,False,False,358,2026-05-09T14:00:00Z,0,False,False,14,,17,,[],3,2,125148,Sunderland,Man Utd
2562254,36,False,False,360,2026-05-09T14:00:00Z,0,False,False,1,,19,,[],4,2,125150,West Ham,Arsenal
2562256,37,False,False,361,2026-05-17T14:00:00Z,0,False,False,3,,1,,[],2,4,125151,Arsenal,Burnley
2562257,37,False,False,362,2026-05-17T14:00:00Z,0,False,False,12,,2,,[],4,4,125152,Aston Villa,Liverpool
2562255,37,False,False,363,2026-05-17T14:00:00Z,0,False,False,13,,4,,[],4,3,125153,Bournemouth,Man City
2562258,37,False,False,364,2026-05-17T14:00:00Z,0,False,False,8,,5,,[],3,3,125154,Brentford,Crystal Palace
2562259,37,False,False,365,2026-05-17T14:00:00Z,0,False,False,18,,7,,[],3,4,125155,Chelsea,Spurs
2562260,37,False,False,366,2026-05-17T14:00:00Z,0,False,False,17,,9,,[],2,3,125156,Everton,Sunderland
2562261,37,False,False,367,2026-05-17T14:00:00Z,0,False,False,6,,11,,[],3,2,125157,Leeds,Brighton
2562262,37,False,False,368,2026-05-17T14:00:00Z,0,False,False,16,,14,,[],3,3,125158,Man Utd,Nott'm Forest
2562263,37,False,False,369,2026-05-17T14:00:00Z,0,False,False,19,,15,,[],2,4,125159,Newcastle,West Ham
2562264,37,False,False,370,2026-05-17T14:00:00Z,0,False,False,10,,20,,[],3,3,125160,Wolves,Fulham
2562265,38,False,False,371,2026-05-24T15:00:00Z,0,False,False,14,,6,,[],3,3,125161,Brighton,Man Utd
2562266,38,False,False,372,2026-05-24T15:00:00Z,0,False,False,20,,3,,[],2,2,125162,Burnley,Wolves
2562267,38,False,False,373,2026-05-24T15:00:00Z,0,False,False,1,,8,,[],4,3,125163,Crystal Palace,Arsenal
2562268,38,False,False,374,2026-05-24T15:00:00Z,0,False,False,15,,10,,[],3,3,125164,Fulham,Newcastle
2562269,38,False,False,375,2026-05-24T15:00:00Z,0,False,False,5,,12,,[],3,5,125165,Liverpool,Brentford
2562270,38,False,False,376,2026-05-24T15:00:00Z,0,False,False,2,,13,,[],3,4,125166,Man City,Aston Villa
2562271,38,False,False,377,2026-05-24T15:00:00Z,0,False,False,4,,16,,[],3,3,125167,Nott'm Forest,Bournemouth
2562273,38,False,False,379,2026-05-24T15:00:00Z,0,False,False,9,,18,,[],2,3,125169,Spurs,Everton
2562272,38,False,False,378,2026-05-24T15:00:00Z,0,False,False,7,,17,,[],3,2,125168,Sunderland,Chelsea
2562274,38,False,False,380,2026-05-24T15:00:00Z,0,False,False,11,,19,,[],2,2,125170,West Ham,Leeds
